[
  {
    "device_id": "device0581",
    "grip": 4.354761019342668,
    "timestamp": "2025-08-25T15:00:47.735934"
  },
  {
    "device_id": "device0581",
    "grip": 3.872941275438102,
    "timestamp": "2025-08-25T15:01:48.123456"
  },
  {
    "device_id": "device0581",
    "grip": 4.129384712039482,
    "timestamp": "2025-08-25T15:02:49.987654"
  },
  {
    "device_id": "device0581",
    "grip": 4.562937182746192,
    "timestamp": "2025-08-25T15:03:50.564738"
  },
  {
    "device_id": "device0581",
    "grip": 3.948271635482910,
    "timestamp": "2025-08-25T15:04:51.102938"
  },
  {
    "device_id": "device0581",
    "grip": 4.213546879214365,
    "timestamp": "2025-08-25T15:05:52.847362"
  },
  {
    "device_id": "device0581",
    "grip": 4.781239045612345,
    "timestamp": "2025-08-25T15:06:53.561728"
  },
  {
    "device_id": "device0581",
    "grip": 3.659482109384756,
    "timestamp": "2025-08-25T15:07:54.294857"
  },
  {
    "device_id": "device0581",
    "grip": 4.415926535897932,
    "timestamp": "2025-08-25T15:08:55.718273"
  },
  {
    "device_id": "device0581",
    "grip": 4.037182645738291,
    "timestamp": "2025-08-25T15:09:56.829104"
  },
  {
    "device_id": "device0581",
    "grip": 3.994561738294561,
    "timestamp": "2025-08-25T15:10:57.453627"
  },
  {
    "device_id": "device0581",
    "grip": 4.276518392847561,
    "timestamp": "2025-08-25T15:11:58.019283"
  }
]
