[
  {
    "device_id": "device0581",
    "grip": 3.94827163548291,
    "timestamp": "20250825 15:04"
  },{
    "device_id": "device0581",
    "grip": 4.213546879214365,
    "timestamp": "20250825 15:05"
  },
  {
    "device_id": "device0581",
    "grip": 4.781239045612345,
    "timestamp": "20250825 15:06"
  },
  {
    "device_id": "device0581",
    "grip": 3.659482109384756,
    "timestamp": "20250825 15:07"
  },
  {
    "device_id": "device0581",
    "grip": 4.415926535897932,
    "timestamp": "20250825 15:08"
  },
  {
    "device_id": "device0581",
    "grip": 4.037182645738291,
    "timestamp": "20250825 15:09"
  },
  {
    "device_id": "device0581",
    "grip": 3.994561738294561,
    "timestamp": "20250825 15:10"
  },
  {
    "device_id": "device0581",
    "grip": 4.276518392847561,
    "timestamp": "20250825 15:11"
  },
  {
    "device_id": "device0581",
    "grip": 4.354761019342668,
    "timestamp": "20250901 21:35"
  },
  {
    "device_id": "device0581",
    "grip": 3.872941275438102,
    "timestamp": "20250902 13:35"
  },
  {
    "device_id": "device0581",
    "grip": 4.129384712039482,
    "timestamp": "20250903 21:35"
  },
  {
    "device_id": "device0581",
    "grip": 4.562937182746192,
    "timestamp": "20250904 21:35"
  },
  {
    "device_id": "device0581",
    "grip": 3.94827163548291,
    "timestamp": "20250825 15:04"
  },
  {
    "device_id": "device0581",
    "grip": 4.1,
    "timestamp": "20250904 23:45"
  }
]